{"cameraMode":{"drawMode":0,"name":"Shaded","section":"Shading Mode"},"sceneLighting":true,"audioPlay":false,"sceneViewState":{"showFog":true,"showMaterialUpdate":false,"showSkybox":true,"showFlares":true,"showImageEffects":true,"showParticleSystems":true},"in2DMode":false,"pivot":{"x":1.1125679016113282,"y":1.2323791980743409,"z":7.1226091384887699},"rotation":{"x":-0.12315001338720322,"y":0.4525792598724365,"z":-0.0632721334695816,"w":-0.8809217810630798},"size":11.571070671081543,"orthographic":false}